rank,pt_cut,ak_radius,ca_radius,n_regimes,regime_coverage,global_objective,mean_score,mean_regret,median_regret,q90_regret,worst_regret,coverage_regret_le_0.02,coverage_regret_le_0.05,coverage_regret_le_0.1
1,120,0.6,0.4,18,1.0,0.03176694606537677,0.4371864001369089,0.007984211329193448,0.006478932845495583,0.016827272642622994,0.02977089323307841,0.9444444444444444,1.0,1.0
2,140,0.6,0.4,18,1.0,0.06250140269882372,0.454184965986304,0.024982777178588503,0.0254550094532211,0.05025336217886264,0.056255708404176596,0.3888888888888889,0.8888888888888888,1.0
3,100,0.6,0.6,18,1.0,0.207376497384022,0.5363545887690224,0.107152399961307,0.09810735251435371,0.15569446501037848,0.18058839739369525,0.0,0.0,0.5555555555555556
4,180,0.6,0.4,18,1.0,0.20813349990784802,0.5089938866871042,0.07979169787938868,0.05470662499805248,0.1756707982447761,0.18818557543800085,0.1111111111111111,0.4444444444444444,0.6666666666666666
5,200,0.8,0.6,18,1.0,0.22371074677593628,0.529307226058164,0.10010503725044864,0.09619559877549846,0.16699905524723138,0.19868448746332412,0.0,0.16666666666666666,0.5555555555555556
6,100,0.4,0.4,18,1.0,0.22694745061069993,0.5228571233172502,0.0936549345095348,0.0645505858526827,0.18160489107358507,0.20353371698331624,0.0,0.16666666666666666,0.7222222222222222
7,180,1.0,0.8,18,1.0,0.2367283407049113,0.5783700687897357,0.14916787998202027,0.1512748525751574,0.1869452837786549,0.19943637070940623,0.0,0.0,0.16666666666666666
8,200,1.0,0.8,18,1.0,0.23950253965024867,0.5831637996266026,0.15396161081888715,0.1597207333043034,0.19723587808165677,0.2010121369455269,0.0,0.0,0.05555555555555555
9,120,0.6,0.6,18,1.0,0.24602278114852302,0.5534426169444361,0.12424042813672052,0.10553111567196582,0.19469903221872464,0.2149626741143429,0.0,0.0,0.3888888888888889
10,160,1.0,0.8,18,1.0,0.24918347965341892,0.5849913387501978,0.15578914994248239,0.16046601893385218,0.19526377726341906,0.21023619216779832,0.0,0.0,0.05555555555555555
11,100,0.4,0.6,18,1.0,0.26401596202161937,0.5626735094198106,0.1334713206120951,0.11430584196313123,0.20654811754189764,0.23064813186859556,0.0,0.0,0.3333333333333333
12,220,1.0,0.8,18,1.0,0.27138332215142347,0.5952574110746861,0.16605522226697067,0.16562870471234087,0.21632043497453338,0.2298695165846808,0.0,0.0,0.0
13,120,0.8,0.8,18,1.0,0.27616630016600885,0.6012668440444383,0.17206465523672285,0.17645119326565628,0.21588545932653538,0.23315013635682813,0.0,0.0,0.0
14,140,0.8,0.8,18,1.0,0.2790141996539329,0.5994736580053771,0.17027146919766156,0.17297143541527585,0.2174139773659348,0.2364463323545175,0.0,0.0,0.0
15,140,1.0,0.8,18,1.0,0.2798757361843509,0.6143332325284085,0.18513104372069303,0.1890259074423719,0.22937838525626508,0.23359297525417766,0.0,0.0,0.0
16,220,0.8,0.6,18,1.0,0.29732068900433833,0.555364161532903,0.12616197272518756,0.11932407260692757,0.23000470356992553,0.26578019582304147,0.0,0.0,0.4444444444444444
17,120,0.6,0.8,18,1.0,0.29824821164487997,0.5992495914615453,0.1700474026538298,0.16469113039184077,0.2184403081628666,0.2557363609814225,0.0,0.0,0.0
18,200,0.6,0.4,18,1.0,0.3062622711104268,0.545209370030289,0.11600718122257356,0.07296841095114573,0.2540576441061148,0.2772604758047834,0.0,0.2222222222222222,0.6666666666666666
19,160,0.8,0.8,18,1.0,0.3080215871120286,0.6132937954785738,0.1840916066708582,0.17723910426855616,0.2524623433553725,0.26199868544431404,0.0,0.0,0.0
20,120,0.4,0.4,18,1.0,0.3184420492756182,0.5595058052473738,0.1303036164396583,0.09471321086457002,0.25319852361738815,0.28586614516570363,0.0,0.05555555555555555,0.5555555555555556
21,100,0.8,0.8,18,1.0,0.32474431744129617,0.6370616256805615,0.20785943687284603,0.22592010155897344,0.25796048352636736,0.2727794582230847,0.0,0.0,0.0
22,240,0.8,0.6,18,1.0,0.34037335167062277,0.5838837636421076,0.15468157483439215,0.14017372564478298,0.29021792410600294,0.30170295796202473,0.0,0.0,0.3888888888888889
23,260,1.0,0.8,18,1.0,0.3802815429486782,0.6403727995959378,0.2111706107882223,0.2242502882005809,0.3036461454564166,0.32748889025162264,0.0,0.0,0.0
24,100,0.8,1.0,18,1.0,0.3835613981842265,0.6939229900349508,0.2647208012272354,0.267077436619608,0.30166109354110004,0.3173811978774177,0.0,0.0,0.0
25,140,0.6,0.8,18,1.0,0.3860443181481766,0.6297308488010143,0.20052865999329875,0.18420754015185994,0.29852305196061374,0.3359121531498519,0.0,0.0,0.0
26,120,0.4,0.6,18,1.0,0.38827889297674645,0.6043143501798344,0.17511216137211874,0.146911264269753,0.30402685106662797,0.34450085263371677,0.0,0.0,0.1111111111111111
27,120,0.8,1.0,18,1.0,0.39877414514957754,0.6602396078335172,0.23103741902580177,0.22383724375188657,0.27593063901671555,0.3410147903931271,0.0,0.0,0.0
28,260,0.8,0.6,18,1.0,0.4046885487066542,0.6130547203875548,0.18385253157983938,0.1617153305897926,0.3249770254650098,0.35872541581169437,0.0,0.0,0.3333333333333333
29,140,0.8,1.0,18,1.0,0.41134042786899183,0.6618837154773011,0.23268152666958558,0.22574242298690156,0.30105762445499545,0.3531700462015954,0.0,0.0,0.0
30,180,0.8,0.8,18,1.0,0.41337704209872533,0.6372943543742182,0.20809216556650265,0.1899518089729174,0.3116032814738113,0.36135400070709967,0.0,0.0,0.0
31,280,1.0,0.8,18,1.0,0.41473286353626126,0.6692842921879801,0.24008210338026453,0.2535140545824453,0.34790499675541015,0.35471233769119515,0.0,0.0,0.0
32,240,0.6,0.4,18,1.0,0.41786943323277725,0.6062861241141191,0.17708393530640365,0.12094610938551234,0.34763699241612867,0.37359844940617637,0.0,0.05555555555555555,0.3888888888888889
33,160,1.0,1.0,18,1.0,0.4192722221342716,0.6926160188441689,0.26341383003645336,0.2653196030535099,0.30927632483831663,0.3534187646251583,0.0,0.0,0.0
34,100,0.6,1.0,18,1.0,0.4207692510480349,0.649483941969394,0.22028175316167858,0.20548638864065874,0.2902662713064443,0.3656988127576153,0.0,0.0,0.0
35,120,1.0,0.8,18,1.0,0.42139589076010847,0.6946381805402794,0.2654359917325639,0.2787757563578589,0.3421485556808861,0.3550368928269675,0.0,0.0,0.0
36,140,1.0,1.0,18,1.0,0.4256662854413311,0.7190065095723887,0.2898043207646732,0.29967937881358503,0.3284651306404888,0.3532152052501628,0.0,0.0,0.0
37,180,1.0,1.0,18,1.0,0.432295024401252,0.6931270383131675,0.26392484950545203,0.26895035261490574,0.3236223038276943,0.366313812024889,0.0,0.0,0.0
38,160,0.8,1.0,18,1.0,0.43295565379890716,0.6745034478774986,0.2453012590697831,0.2429519095869701,0.316312578710138,0.37163033903146137,0.0,0.0,0.0
39,280,0.8,0.6,18,1.0,0.4364350027022437,0.6376079869197953,0.20840579811207963,0.18681636875019658,0.37205853506759085,0.3843335531742238,0.0,0.0,0.2777777777777778
40,200,1.2,1.0,18,1.0,0.43804434187036273,0.7208243739971489,0.29162218518943356,0.3010712438040268,0.3508065847109082,0.3651387955730043,0.0,0.0,0.0
41,120,0.6,1.0,18,1.0,0.4411411481818658,0.6711636261094214,0.24196143730170583,0.22940740815009064,0.3247558752698809,0.3806507888564393,0.0,0.0,0.0
42,220,1.2,1.0,18,1.0,0.44747019998404824,0.71794106472471,0.2887388759169945,0.31100424702086754,0.36490719002738436,0.37528548100479964,0.0,0.0,0.0
43,300,1.0,0.8,18,1.0,0.45352568023699735,0.6938317325758355,0.2646295437681201,0.27890069697406256,0.3740542788556284,0.38736829429496733,0.0,0.0,0.0
44,120,0.4,0.8,18,1.0,0.46480857398961517,0.6575904482060594,0.22838825939834395,0.20744488605589065,0.32933553260245907,0.4077115091400292,0.0,0.0,0.0
45,140,0.4,0.4,18,1.0,0.46580695715959514,0.6129483825333869,0.18374619372567144,0.13405707131387395,0.40062845052260093,0.41987040872817727,0.0,0.05555555555555555,0.2777777777777778
46,200,1.0,1.0,18,1.0,0.46915645015267027,0.7176275095444227,0.28842532073670724,0.2941162194350209,0.3713968911592725,0.3970501199684935,0.0,0.0,0.0
47,260,0.6,0.4,18,1.0,0.4716601825264171,0.6352014489322707,0.2059992601245552,0.14152367330256682,0.3950749978410859,0.4201603674952783,0.0,0.0,0.2777777777777778
48,180,0.8,1.0,18,1.0,0.47345690242116134,0.7082184797742943,0.2790162909665788,0.2652018653284943,0.3596084838436963,0.40370282967951665,0.0,0.0,0.0
49,100,0.4,1.0,18,1.0,0.47429210974505887,0.6852778367188554,0.25607564791113985,0.25578052390297773,0.3431251629200919,0.4102731977672739,0.0,0.0,0.0
50,140,0.6,1.0,18,1.0,0.47721624846438115,0.7013363104442444,0.2721341216365288,0.2643543094275437,0.36157703597156565,0.409182718055249,0.0,0.0,0.0
51,300,0.8,0.6,18,1.0,0.47838104557951894,0.6605269136808989,0.2313247248731833,0.2093976421679407,0.4007155308848942,0.4205498643612231,0.0,0.0,0.16666666666666666
52,240,1.2,1.0,18,1.0,0.4908932950609361,0.7330123260088905,0.303810137201175,0.31734534962659544,0.38510694203068796,0.41494076076064235,0.0,0.0,0.0
53,120,1.0,1.0,18,1.0,0.5112585888051395,0.7919786035577099,0.3627764147499945,0.36444878190457264,0.4109556439717578,0.4205644851176409,0.0,0.0,0.0
54,320,1.0,0.8,18,1.0,0.5112980611318249,0.7187048647921771,0.2895026759844617,0.30600644987486847,0.4239279434898231,0.4389223921357094,0.0,0.0,0.0
55,160,1.2,1.0,18,1.0,0.5133606865248787,0.7821568301153349,0.35295464130761944,0.3584472373932712,0.41567137756047434,0.4251220261979738,0.0,0.0,0.0
56,120,0.4,1.0,18,1.0,0.5201238385110792,0.725937601607994,0.29673541280027843,0.30111986112714173,0.39901892620378376,0.44593998531100965,0.0,0.0,0.0
57,280,0.6,0.4,18,1.0,0.5241394102714829,0.667596918819949,0.23839473001223346,0.17298769846528547,0.4464566039719514,0.4645407277684246,0.0,0.0,0.16666666666666666
58,320,0.8,0.6,18,1.0,0.5383612389570528,0.6904172870074735,0.2612150981997582,0.23592079272028477,0.42887080695784474,0.47305746440711327,0.0,0.0,0.0
59,260,1.2,1.0,18,1.0,0.5496545659470975,0.7540211834410908,0.3248189946333752,0.34392251551764524,0.42362745500088794,0.4684498172887537,0.0,0.0,0.0
60,220,1.0,1.0,18,1.0,0.5714809891808967,0.7540165944771835,0.3248144056694679,0.3127034514265256,0.4687889035002546,0.4902773877635298,0.0,0.0,0.0
61,100,0.8,1.2,18,1.0,0.5732303663792055,0.760438394381855,0.3312362055741395,0.3395799034463187,0.4263065169119579,0.49042131498567065,0.0,0.0,0.0
62,160,1.0,1.2,18,1.0,0.5747212613698548,0.7506806855072337,0.3214784966995182,0.31308962003461427,0.4360643319640089,0.4943516371949752,0.0,0.0,0.0
63,200,0.8,0.8,18,1.0,0.5747764365585363,0.6908995879794294,0.2616973991717139,0.2088024492065152,0.4808229839253721,0.5093520867656078,0.0,0.0,0.0
64,120,0.8,1.2,18,1.0,0.5762655588419501,0.7305188542151849,0.30131666540746943,0.30233854612653643,0.4221374618046875,0.5009363924900827,0.0,0.0,0.0
65,140,1.0,1.2,18,1.0,0.5794119698680937,0.7730620586100477,0.3438598698023323,0.3511201510236419,0.4342148064569288,0.4934470024175106,0.0,0.0,0.0
66,180,1.0,1.2,18,1.0,0.5807511097683451,0.7544529137640075,0.3252507249562919,0.30325398304665685,0.45198075408376026,0.4994384285292721,0.0,0.0,0.0
67,300,0.6,0.4,18,1.0,0.5870761013817665,0.6987711444621705,0.26956895565445493,0.19297328898720226,0.47500817670905887,0.5196838624681528,0.0,0.0,0.05555555555555555
68,140,0.8,1.2,18,1.0,0.5933673694675875,0.7351979875341952,0.3059957987264797,0.29827536160711055,0.44852664942865106,0.5168684197859675,0.0,0.0,0.0
69,100,0.6,1.2,18,1.0,0.5941075984198233,0.7199270793873753,0.29072489057965983,0.2842133988067818,0.43018459965603534,0.5214263757749084,0.0,0.0,0.05555555555555555
70,280,1.2,1.0,18,1.0,0.5959265332294696,0.772858709795555,0.3436565209878395,0.3700166562286969,0.44872347735028456,0.5100124029825097,0.0,0.0,0.0
71,200,0.8,1.0,18,1.0,0.5963050815741018,0.7580639030229925,0.3288617142152771,0.28893614102606513,0.498849489227955,0.5140896530202825,0.0,0.0,0.0
72,200,1.0,1.2,18,1.0,0.5972240559464084,0.7835384885244867,0.35433629971677116,0.34438219010207416,0.4706152621449652,0.5086399810172155,0.0,0.0,0.0
73,340,0.8,0.6,18,1.0,0.5979900442477829,0.7186539437653054,0.28945175495759007,0.255507556613002,0.462059217340784,0.5256271055083854,0.0,0.0,0.0
74,120,0.6,1.2,18,1.0,0.611375401167263,0.7469497366526536,0.3177475478449381,0.2975529013253092,0.47082864245750483,0.5319385142060284,0.0,0.0,0.0
75,160,0.8,1.2,18,1.0,0.61254626403683,0.7501105240075436,0.3209083351998282,0.29955787834330605,0.47086077245739166,0.532319180236873,0.0,0.0,0.0
76,300,1.2,1.0,18,1.0,0.6132874524887153,0.7956322951481624,0.36643010634044687,0.3929385832934231,0.4911244677280304,0.5216799259036036,0.0,0.0,0.0
77,360,1.0,0.8,18,1.0,0.6145722151031899,0.7728060408070855,0.34360385199937005,0.3504559344769646,0.47541075250248616,0.5286712521033474,0.0,0.0,0.0
78,120,1.0,1.2,18,1.0,0.6146188457689884,0.8458226125519194,0.4166204237442039,0.40500746537545795,0.4705532403299902,0.5104637398329375,0.0,0.0,0.0
79,220,0.8,0.8,18,1.0,0.6181082579598832,0.7189872459431097,0.28978505713539426,0.24591245811057127,0.5294296483394443,0.5456619936760346,0.0,0.0,0.0
80,160,0.6,0.8,18,1.0,0.6319655941673614,0.6837385320820711,0.25453634327435565,0.19653044795097188,0.4404327612605688,0.5683315083487726,0.0,0.0,0.0
81,220,0.8,1.0,18,1.0,0.6324963939016349,0.7837907445832369,0.35458855577552145,0.3301587410594468,0.5224763283685352,0.5438492549577546,0.0,0.0,0.0
82,240,1.0,1.0,18,1.0,0.6351471031134476,0.7817774254814372,0.35257523667372176,0.34302222299592394,0.5146339632428854,0.5470032939450171,0.0,0.0,0.0
83,180,0.8,1.2,18,1.0,0.6381610102179481,0.790046984354431,0.3608447955467155,0.33857989027969887,0.4913966109226451,0.5479498113312693,0.0,0.0,0.0
84,160,0.6,1.0,18,1.0,0.640831299133407,0.7633000671661686,0.3340978783584531,0.30958245692390074,0.49306293387447164,0.5573068295437937,0.0,0.0,0.0
85,140,0.6,1.2,18,1.0,0.6423854771638666,0.7806399153886495,0.351437726580934,0.31575078646400323,0.5095306219833227,0.5545260455186332,0.0,0.0,0.0
86,240,1.0,1.2,18,1.0,0.6426333637192254,0.8398912378974769,0.41068904908976134,0.4192737284999192,0.5359019562192917,0.5399611014467851,0.0,0.0,0.0
87,200,1.2,1.2,18,1.0,0.6473871004364317,0.8382689632360242,0.4090667744283088,0.4022859901101973,0.5024942363895639,0.5451204068293545,0.0,0.0,0.0
88,100,0.4,1.2,18,1.0,0.6482477707459404,0.7628152140885744,0.33361302528085895,0.29596353805234876,0.4970994739064389,0.5648445144257257,0.0,0.0,0.05555555555555555
89,220,1.2,1.2,18,1.0,0.6493036959240445,0.851286818587036,0.4220846297793206,0.4027048110978717,0.5408791858451645,0.5437825384792143,0.0,0.0,0.0
90,320,0.6,0.4,18,1.0,0.6525404363151319,0.7317976474557262,0.3025954586480106,0.22840975969715807,0.5088361937504726,0.5768915716531293,0.0,0.0,0.05555555555555555
91,380,1.0,0.8,18,1.0,0.65277577586085,0.803789800685633,0.3745876118779174,0.3714520160518323,0.506530335914258,0.5591288728913707,0.0,0.0,0.0
92,360,0.8,0.6,18,1.0,0.6537085408191978,0.754667214161752,0.32546502535403643,0.28254347955816556,0.516821296762574,0.5723422844806887,0.0,0.0,0.0
93,240,0.8,0.8,18,1.0,0.6547261631577332,0.7462782188521401,0.3170760300444246,0.2764989808482474,0.5530636735784145,0.5754571556466271,0.0,0.0,0.0
94,200,0.8,1.2,18,1.0,0.6550253841244382,0.8294640842294011,0.4002618954216857,0.42234546207236523,0.521496128906228,0.5549599102690168,0.0,0.0,0.0
95,320,1.2,1.0,18,1.0,0.6562101936489857,0.810823654868821,0.3816214660611054,0.4175261631812314,0.5152190032549069,0.5608048271337094,0.0,0.0,0.0
96,260,1.0,1.0,18,1.0,0.6607377116015749,0.8113882733052896,0.38218608449757413,0.41166258993579236,0.5295669559544036,0.5651911904771814,0.0,0.0,0.0
97,240,0.8,1.0,18,1.0,0.6641977632349076,0.8113448804640686,0.3821426916563531,0.41196278015889537,0.5453299952384959,0.5686620903208194,0.0,0.0,0.0
98,220,1.4,1.2,18,1.0,0.6659164836494281,0.8764277986152477,0.4472256098075321,0.44225819603821337,0.5237335138619651,0.5541100811975451,0.0,0.0,0.0
99,180,0.6,0.6,18,1.0,0.6684286017831282,0.6910315727364789,0.2618293839287633,0.15108625249111798,0.5813051353965958,0.6029712558009375,0.0,0.0,0.16666666666666666
100,160,1.2,1.2,18,1.0,0.6701370083229311,0.8798786740907898,0.4506764852830744,0.4464274345336121,0.5049790167223469,0.5574678870021625,0.0,0.0,0.0
101,280,1.0,1.0,18,1.0,0.6789579195053432,0.8310142791397094,0.4018120903319939,0.4322742458419653,0.5618891825653589,0.5785048969223447,0.0,0.0,0.0
102,240,1.2,1.2,18,1.0,0.6794453534324582,0.8721978314061297,0.4429956425984143,0.42550292351574825,0.5531170360884133,0.5686964427828546,0.0,0.0,0.0
103,220,0.8,1.2,18,1.0,0.6807354317844723,0.8524547557606897,0.4232525669529743,0.43924510138270767,0.5482825630721154,0.5749222900462287,0.0,0.0,0.0
104,160,0.6,1.2,18,1.0,0.6821750018427698,0.8467915437071767,0.41758935489946125,0.4429237611118312,0.5391231402494749,0.5777776631179045,0.0,0.0,0.0
105,260,0.8,0.8,18,1.0,0.6825409503561218,0.7698425271826769,0.34064033837496127,0.30651269859811464,0.5706116805306578,0.5973808657623815,0.0,0.0,0.0
106,120,0.4,1.2,18,1.0,0.6831732947010465,0.8096071201796996,0.38040493137198417,0.3414074948522411,0.5395114645235308,0.5880720618580504,0.0,0.0,0.0
107,340,1.2,1.0,18,1.0,0.6837083642220799,0.8309525973981983,0.4017504085904827,0.428234258055774,0.5457994588955912,0.5832707620744593,0.0,0.0,0.0
108,260,0.8,1.0,18,1.0,0.6894803931281123,0.8321932106095701,0.40299102180185453,0.44118905092388033,0.5626732287603594,0.5887326376776486,0.0,0.0,0.0
109,240,1.4,1.2,18,1.0,0.691323543177,0.8743406878553288,0.44513849904761343,0.42342533995119985,0.5411468923289673,0.5800389184150966,0.0,0.0,0.0
110,140,1.2,1.0,18,1.0,0.6941490179200136,0.8946943407682849,0.4654921519605695,0.4751880912850232,0.5550608891162458,0.5777759799298712,0.0,0.0,0.0
111,260,1.0,1.2,18,1.0,0.6945875413056687,0.8665841534933684,0.4373819646856529,0.43984355681177045,0.5611804726920473,0.5852420501342555,0.0,0.0,0.0
112,360,1.2,1.0,18,1.0,0.6957811349993364,0.8485377740912559,0.4193355852835403,0.4379643492371825,0.5718877406662776,0.5909472386784513,0.0,0.0,0.0
113,300,1.0,1.0,18,1.0,0.6973020970480809,0.8485471080100333,0.41934491920231803,0.44799900972461293,0.5861881451614819,0.5924658672475014,0.0,0.0,0.0
114,260,1.4,1.2,18,1.0,0.6999595489052282,0.8739667835469093,0.44476459473919383,0.43282883826932567,0.543473829007967,0.5887684002204298,0.0,0.0,0.0
115,240,0.8,1.2,18,1.0,0.7011043404230614,0.878997052836867,0.44979486402915153,0.4442445300777996,0.5807861967826055,0.5886556244157735,0.0,0.0,0.0
116,180,0.6,1.2,18,1.0,0.7034075687739565,0.8774790300006878,0.4482768411929723,0.4861244145850687,0.569639939582167,0.5913383584757134,0.0,0.0,0.0
117,180,0.6,0.8,18,1.0,0.7092959153952881,0.7369214718854393,0.30771928307772384,0.21639320616438645,0.5943212843601817,0.6323660946258571,0.0,0.0,0.0
118,280,0.8,1.0,18,1.0,0.7106692879773142,0.8526298364426999,0.4234276476349844,0.45711115217329823,0.5901160898495988,0.6048123760685681,0.0,0.0,0.0
119,280,0.8,0.8,18,1.0,0.7108667695806725,0.79455043346243,0.3653482446547145,0.3284417548660676,0.5733739128164447,0.6195297084169938,0.0,0.0,0.0
120,200,0.6,0.6,18,1.0,0.7148009017371144,0.7198879757880406,0.2906857869803251,0.1746281854371366,0.6119535791952353,0.6421294549920331,0.0,0.0,0.05555555555555555
121,380,0.8,0.6,18,1.0,0.7155667375452873,0.7937875439114109,0.36458535510369533,0.3118585718891058,0.5423321845058962,0.6244203987693635,0.0,0.0,0.0
122,160,1.0,1.4,18,1.0,0.7174709261096778,0.8346707787469937,0.4054685899392782,0.4462249510437589,0.5871348994625585,0.6161037786248582,0.0,0.0,0.0
123,260,1.2,1.2,18,1.0,0.7185114292637068,0.8922606587208064,0.46305846991309074,0.460028502373617,0.581839420746515,0.6027468117854341,0.0,0.0,0.0
124,300,0.8,0.8,18,1.0,0.7227332158491728,0.815775526943988,0.3865733381362725,0.3630977589013622,0.5957277850428367,0.6260898813151047,0.0,0.0,0.0
125,120,0.8,1.4,18,1.0,0.7233047512244599,0.8222086449431503,0.3930064561354348,0.43327910692501026,0.5691219854297465,0.6250531371906012,0.0,0.0,0.0
126,140,1.0,1.4,18,1.0,0.7261546073780246,0.8565140734496217,0.4273118846419062,0.47713729203134453,0.5845724468945565,0.619326636217548,0.0,0.0,0.0
127,180,1.0,1.4,18,1.0,0.7271465746322173,0.8398953619243446,0.4106931731166291,0.4470916915020783,0.5930739021059452,0.62447328135306,0.0,0.0,0.0
128,280,1.4,1.2,18,1.0,0.7272703515658958,0.881445241682621,0.4522430528749054,0.4408411393403611,0.5508512479570223,0.6142095883471694,0.0,0.0,0.0
129,220,0.6,0.6,18,1.0,0.7280929911420029,0.745135600275879,0.31593341146816356,0.2058508582806382,0.6215410407358573,0.6491096382749619,0.0,0.0,0.05555555555555555
130,140,0.4,1.0,18,1.0,0.7290673284572916,0.8113099285665049,0.38210773975878937,0.3558565887000401,0.5779351314153788,0.6335403935175943,0.0,0.0,0.0
131,220,0.6,1.0,18,1.0,0.7295372044925259,0.8565975117144867,0.4273953229067713,0.4639745351600688,0.5958460819838904,0.6226883737658331,0.0,0.0,0.0
132,200,0.6,1.0,18,1.0,0.7302174471552553,0.8331024477875313,0.40390025897981585,0.3673987670189541,0.590611949089397,0.6292423824103013,0.0,0.0,0.0
133,180,1.4,1.2,18,1.0,0.7307847911580538,0.9573390115337325,0.5281368227260171,0.5332957061402367,0.5729169514783834,0.5987505854765496,0.0,0.0,0.0
134,320,0.8,0.8,18,1.0,0.7346906457572415,0.836923883675006,0.40772169486729043,0.38667121277598193,0.6152603085064242,0.6327602220404189,0.0,0.0,0.0
135,380,1.2,1.0,18,1.0,0.735251165691757,0.8779184287910939,0.44871623998337856,0.4599906537111905,0.601051834565922,0.6230721056959123,0.0,0.0,0.0
136,240,0.6,1.0,18,1.0,0.7357897226160606,0.8762356817593365,0.447033492951621,0.4871609509519783,0.6028761995243872,0.6240313493781553,0.0,0.0,0.0
137,240,0.6,0.6,18,1.0,0.736882489878912,0.7624111088260378,0.3332089200183223,0.22111962421221992,0.6237429469685436,0.6535802598743314,0.0,0.0,0.0
138,320,1.0,1.0,18,1.0,0.7400478303388537,0.8704797778313681,0.44127758902365255,0.4686579483530536,0.6126253963543618,0.6297284330829406,0.0,0.0,0.0
139,140,0.4,1.2,18,1.0,0.7412338178214141,0.8936709157301796,0.46446872692246416,0.5141193347347566,0.5820321826081568,0.625116636090798,0.0,0.0,0.0
140,200,0.6,1.2,18,1.0,0.7413291374280014,0.9070887493710119,0.47788656056329665,0.5090718112972759,0.5935864361309277,0.6218574972871773,0.0,0.0,0.0
141,260,0.6,0.6,18,1.0,0.7424106858553677,0.7865691734766675,0.357366984668952,0.2525453733847709,0.6348023853088699,0.6530689396881297,0.0,0.0,0.0
142,280,1.0,1.2,18,1.0,0.7427275116303002,0.8869347985949412,0.4577326097872257,0.4641737253439478,0.5743191550362461,0.6282943591834937,0.0,0.0,0.0
143,300,0.8,1.0,18,1.0,0.7454329930408058,0.8692530697512323,0.44005088094351674,0.4737494166491066,0.6011992445010379,0.6354202728049266,0.0,0.0,0.0
144,100,0.6,1.4,18,1.0,0.747495143244669,0.8152857005106454,0.3860835117029299,0.4144720669505083,0.5890352227310323,0.6509742653189365,0.0,0.0,0.05555555555555555
145,200,0.6,0.8,18,1.0,0.7475725037996575,0.7655135795040063,0.3363113906962909,0.27351843007944004,0.6216858502880558,0.6634946561255848,0.0,0.0,0.0
146,120,1.0,1.4,18,1.0,0.7482613972109294,0.925223253805124,0.4960210649974088,0.5380633901167835,0.6102919894836145,0.6242561309615773,0.0,0.0,0.0
147,160,0.4,0.4,18,1.0,0.7505113796753985,0.7051671566530273,0.2759649678453119,0.16954968032603035,0.6245672825691486,0.6815201377140705,0.0,0.05555555555555555,0.1111111111111111
148,300,1.4,1.2,18,1.0,0.7518033932260807,0.8919760852348104,0.46277389642709504,0.46308462916057724,0.5581820742552913,0.6361099191193069,0.0,0.0,0.0
149,260,0.8,1.2,18,1.0,0.7530832292194244,0.898517063394704,0.4693148745869885,0.45280086236573547,0.597852224385531,0.6357545105726773,0.0,0.0,0.0
150,220,0.6,0.8,18,1.0,0.755260748303292,0.7928084259384208,0.3636062371307054,0.31198857813263514,0.6313161695550753,0.6643591890206157,0.0,0.0,0.0
151,180,1.2,1.4,18,1.0,0.7553055522952654,0.9184114203351812,0.48920923152746554,0.49562039368662303,0.6225464784478087,0.6330032444133991,0.0,0.0,0.0
152,160,0.8,1.4,18,1.0,0.7631223322644984,0.8464924898325626,0.4172903010248471,0.44674583610621543,0.6168428334872914,0.6587997570082866,0.0,0.0,0.0
153,220,1.2,1.4,18,1.0,0.764059901428455,0.9255284469849874,0.4963262581772718,0.4980701134283982,0.6298961960438375,0.6399783368841371,0.0,0.0,0.0
154,300,1.0,1.2,18,1.0,0.7640930827956776,0.9088511812764342,0.4796489924687186,0.4901450314676268,0.5946227360052007,0.644180834678498,0.0,0.0,0.0
155,160,0.4,1.2,18,1.0,0.7672945256004053,0.9342575045676025,0.505055315759887,0.5477626213510254,0.6150191019138027,0.6410306966604336,0.0,0.0,0.0
156,280,0.6,0.6,18,1.0,0.7674143652821407,0.8117080403112035,0.382505851503488,0.29360332834199077,0.6423359389617904,0.6717879024062687,0.0,0.0,0.0
157,220,1.0,1.4,18,1.0,0.7680530460310969,0.9006682540378836,0.4714660652301682,0.4815726843942371,0.6355868674592429,0.6501865297235548,0.0,0.0,0.0
158,240,0.6,0.8,18,1.0,0.7690593492192435,0.8143647566450894,0.38516256783737385,0.336022117290877,0.6325996805830861,0.6727687072599,0.0,0.0,0.0
159,120,0.6,1.4,18,1.0,0.7704200854978709,0.8412792347750653,0.41207704596734973,0.4268943222944635,0.6241217370877932,0.6674008240060334,0.0,0.0,0.05555555555555555
160,140,1.2,1.2,18,1.0,0.7707726909792351,0.9827568221155754,0.55355463330786,0.5673240858924251,0.6031100604792401,0.6323840326522701,0.0,0.0,0.0
161,160,1.2,1.4,18,1.0,0.7715096763244383,0.9507023146982188,0.5215001258905033,0.5308382780312156,0.6259294239321572,0.6411346448518125,0.0,0.0,0.0
162,160,0.4,1.0,18,1.0,0.7723354738068139,0.8603231277814751,0.43112093897375975,0.40637862068218633,0.6540561405187767,0.664555239063374,0.0,0.0,0.0
163,220,0.6,1.2,18,1.0,0.7732894586769921,0.9297024351133937,0.5005002463056782,0.5037568967333188,0.609205986234913,0.6481643971005725,0.0,0.0,0.0
164,320,1.4,1.2,18,1.0,0.7744484397599151,0.9032506401750293,0.4740484513673139,0.4716639273999438,0.572703867371486,0.6559363269180866,0.0,0.0,0.0
165,400,1.2,1.0,18,1.0,0.7751047902299116,0.9066950180839011,0.4774928292761857,0.4864644980075113,0.6163944160423087,0.6557315829108652,0.0,0.0,0.0
166,260,0.6,1.0,18,1.0,0.776465543871957,0.8982864269944391,0.4690842381867235,0.5067103533536765,0.6318458143738906,0.659194484325276,0.0,0.0,0.0
167,340,1.0,1.0,18,1.0,0.7805345792909749,0.8964040085644114,0.4672018197566961,0.4926584949197333,0.630201811516883,0.6637341243518009,0.0,0.0,0.0
168,180,0.8,1.4,18,1.0,0.781778636497471,0.8933588477901913,0.4641566589824758,0.4667785971994139,0.6362690604634992,0.6657394717518521,0.0,0.0,0.0
169,280,0.6,0.8,18,1.0,0.7855878994200498,0.8592114076935529,0.4300092188858373,0.3999238256063436,0.6667501545550876,0.6780855946985904,0.0,0.0,0.0
170,300,1.2,1.2,18,1.0,0.7871651994974734,0.932343738469711,0.5031415496619954,0.5139472788999018,0.6205714778914992,0.6613798120819746,0.0,0.0,0.0
171,320,0.8,1.0,18,1.0,0.7877088878044919,0.894264545302025,0.46506235649430966,0.4956757595946113,0.6139213609687956,0.6714432986809145,0.0,0.0,0.0
172,340,0.8,0.8,18,1.0,0.7905948894406118,0.8611223638446824,0.43192017503696684,0.4088677322457058,0.6264428974098524,0.6826148456813701,0.0,0.0,0.0
173,240,1.0,1.4,18,1.0,0.7916650216702443,0.9269474998985672,0.4977453110908516,0.4955313450509831,0.653873357822401,0.6672286938975315,0.0,0.0,0.0
174,400,0.8,0.6,18,1.0,0.7956899018662863,0.8424882657531003,0.4132860769453849,0.3599424466153197,0.589549235332214,0.69236838262994,0.0,0.0,0.0
175,340,1.4,1.2,18,1.0,0.7967329571584563,0.9147173471821479,0.4855151583744324,0.4857085130838509,0.586140256153097,0.6753541675648481,0.0,0.0,0.0
176,140,0.6,1.4,18,1.0,0.7972999153231011,0.8781458641030337,0.4489436752953182,0.4532986192283228,0.6530417529433872,0.6850639964992715,0.0,0.0,0.05555555555555555
177,200,0.8,1.4,18,1.0,0.7993635728681697,0.9212863452821775,0.4920841564744619,0.4935438423019085,0.6607639655092221,0.6763425337495542,0.0,0.0,0.0
178,260,1.2,1.4,18,1.0,0.805419069741602,0.96645125064484,0.5372490618371243,0.531599050142995,0.66847331642529,0.671106804282321,0.0,0.0,0.0
179,320,1.0,1.2,18,1.0,0.8059683823037512,0.9362519403646105,0.5070497515568951,0.5249013424151583,0.6202185446726989,0.6792059444145274,0.0,0.0,0.0
180,300,0.6,0.6,18,1.0,0.8096151398896829,0.8408634121207793,0.41166122331306365,0.3083469169374017,0.650502356847773,0.706699834061417,0.0,0.0,0.0
181,320,1.2,1.2,18,1.0,0.8100935971130435,0.9544992018013103,0.5252970129935947,0.5288099909761843,0.6425446475170243,0.6787693438646448,0.0,0.0,0.0
182,360,1.4,1.2,18,1.0,0.811885489700302,0.928385465884606,0.4991832770768905,0.5001710470786529,0.60059537665732,0.6870896704310795,0.0,0.0,0.0
183,100,0.4,1.4,18,1.0,0.8120387145845384,0.8620956439707547,0.43289345516303923,0.4423721426031846,0.6468515670777132,0.7038153507937785,0.0,0.0,0.05555555555555555
184,280,0.8,1.2,18,1.0,0.814736446519761,0.9229826085997763,0.49378041979206067,0.47818257571355594,0.6242564091326125,0.6912913415717458,0.0,0.0,0.0
185,260,1.0,1.4,18,1.0,0.8165015758528921,0.951222033392738,0.5220198445850226,0.5076527389532481,0.6804279988793769,0.6859966147066364,0.0,0.0,0.0
186,280,0.6,1.0,18,1.0,0.8183749023104023,0.9246739037862647,0.49547171497854925,0.5239084307376843,0.6552384596346166,0.6945069735657651,0.0,0.0,0.0
187,180,0.4,0.6,18,1.0,0.8190548829963464,0.7907277498909248,0.3615255610832093,0.25554214190429725,0.7115485338993841,0.728673492725544,0.0,0.0,0.05555555555555555
188,180,0.4,1.0,18,1.0,0.8203362991236964,0.9091315653296785,0.4799293765219631,0.47520286136610795,0.6938784579313897,0.7003539549932056,0.0,0.0,0.0
189,100,1.0,0.8,18,1.0,0.8211914505442347,0.9364395036559122,0.5072373148481968,0.5382733620374124,0.6243243339264524,0.6943821218321855,0.0,0.0,0.0
190,220,0.8,1.4,18,1.0,0.8239624298326388,0.944232143709406,0.5150299549016907,0.5234638548374331,0.6790535108902805,0.6952049411072161,0.0,0.0,0.0
191,180,0.4,1.2,18,1.0,0.8255600033590138,0.9834462910928694,0.5542441022851536,0.5720308140147499,0.6564999320761539,0.6869989777877253,0.0,0.0,0.0
192,300,0.6,0.8,18,1.0,0.8301901334635535,0.8873989035106415,0.458196714702926,0.41318682227407516,0.6819856216707852,0.715640954787822,0.0,0.0,0.0
193,360,1.0,1.0,18,1.0,0.8305489559556201,0.9359152230300121,0.5067130342222966,0.5167750520281862,0.6629363139326615,0.7038706974000459,0.0,0.0,0.0
194,280,1.2,1.4,18,1.0,0.8310006095419551,0.9863797000132882,0.5571775112055726,0.5433974965045463,0.6800303121028228,0.691706231740562,0.0,0.0,0.0
195,160,0.6,1.4,18,1.0,0.8324294616176339,0.9453499384320653,0.5161477496243498,0.502837130298308,0.673861965947057,0.7033925242115464,0.0,0.0,0.05555555555555555
196,380,1.4,1.2,18,1.0,0.8334523944130218,0.942320642511839,0.5131184537041236,0.5101589166545233,0.640548502165647,0.7051727809869909,0.0,0.0,0.0
197,180,0.4,0.8,18,1.0,0.8347047633275442,0.8414171259993046,0.4122149371915891,0.35349016928584454,0.715078662423898,0.731651029029647,0.0,0.0,0.0
198,120,0.4,1.4,18,1.0,0.8414009953532959,0.910872794383285,0.4816706055755693,0.4790652962095243,0.6694811201291848,0.7209833439594036,0.0,0.0,0.05555555555555555
199,140,1.2,1.4,18,1.0,0.8422047863797821,1.0461938469717609,0.6169916581640456,0.6222550549113601,0.6771061728271369,0.6879568718387707,0.0,0.0,0.0
200,180,0.4,0.4,18,1.0,0.8423213908407339,0.7525880925732484,0.3233859037655329,0.2122982206426104,0.6922535973497749,0.7614749148993507,0.0,0.0,0.1111111111111111
201,300,0.8,1.2,18,1.0,0.8428469082129608,0.9463023125419754,0.51710012373426,0.5047328879264426,0.6456151192719303,0.7135718772793959,0.0,0.0,0.0
202,340,1.2,1.2,18,1.0,0.8437759909153123,0.9849802999503585,0.5557781111426428,0.5631738569959083,0.6722051168572893,0.7048314631296516,0.0,0.0,0.0
203,100,0.8,1.6,18,1.0,0.847180591054485,0.9273382035918145,0.4981360147840991,0.5685980735639039,0.6958034349971327,0.7226465873584602,0.0,0.0,0.0
204,180,0.6,1.4,18,1.0,0.8475386062676765,0.9682458681632838,0.5390436793555682,0.523141295784759,0.6995703142012322,0.7127776864287845,0.0,0.0,0.0
205,240,0.8,1.4,18,1.0,0.8494497858745984,0.9667241851252495,0.5375219963175341,0.5440691028953022,0.7000275847415269,0.7150692867952149,0.0,0.0,0.0
206,160,1.0,1.6,18,1.0,0.8551466803505953,0.9126028232979997,0.4834006344902842,0.5691524690401718,0.6798398217444541,0.7342965217280242,0.0,0.0,0.0
207,400,1.4,1.2,18,1.0,0.8593507729483143,0.9534307305385076,0.5242285417307921,0.529619257211045,0.6469850578377192,0.7282936375156163,0.0,0.0,0.0
208,280,1.0,1.4,18,1.0,0.8620849041732797,0.9702938966357855,0.5410917078280703,0.5194925764825221,0.6974295738931936,0.7268119772162621,0.0,0.0,0.0
209,360,0.8,0.8,18,1.0,0.8634199210211229,0.8996214064464473,0.47041921763873185,0.44220331512064415,0.6624080952999298,0.74581511661144,0.0,0.0,0.0
210,300,1.2,1.4,18,1.0,0.8651598115234094,1.0056311963812197,0.5764290075735041,0.560583430876378,0.691010045839188,0.7210525596300333,0.0,0.0,0.0
211,180,1.0,1.6,18,1.0,0.8662133720768472,0.9203248340548839,0.4911226452471683,0.5701077999860504,0.6956156172406155,0.7434327107650551,0.0,0.0,0.0
212,120,0.8,1.6,18,1.0,0.8662286803191251,0.9042403636561003,0.4750381748483848,0.5493964160453788,0.6919038580894334,0.747469136607029,0.0,0.0,0.0
213,220,1.4,1.4,18,1.0,0.8675590841060941,1.0004656174925914,0.5712634286848759,0.5812967417434732,0.6724967312077221,0.7247432269348751,0.0,0.0,0.0
214,200,1.4,1.4,18,1.0,0.8691981130614934,1.0173656080692683,0.5881634192615528,0.5861775262754707,0.6852293549490647,0.7221572582461052,0.0,0.0,0.0
215,200,0.4,1.0,18,1.0,0.8718755482913532,0.94881338247595,0.5196111936682347,0.522160118431041,0.7038912774070328,0.7419727498742945,0.0,0.0,0.0
216,300,0.6,1.0,18,1.0,0.8722916955784527,0.960174984440846,0.5309727956331304,0.5370972912017037,0.6842047156124456,0.7395484966701701,0.0,0.0,0.0
217,360,1.2,1.2,18,1.0,0.8747422154390287,1.008518900221497,0.5793167114137812,0.5823529524781027,0.6927336505734051,0.7299130375855835,0.0,0.0,0.0
218,140,0.8,1.6,18,1.0,0.8768138893288666,0.908579880175178,0.47937769136746244,0.5583004242139012,0.7017064148287161,0.756969466487001,0.0,0.0,0.0
219,360,1.0,1.2,18,1.0,0.8769362847337852,0.9994390591058715,0.5702368702981561,0.5830576356612585,0.697313056977107,0.7343770671592461,0.0,0.0,0.0
220,180,1.2,1.6,18,1.0,0.8769415250035988,0.9846611704210311,0.5554589816133156,0.5985948255480831,0.7119328079661085,0.7380767796002698,0.0,0.0,0.0
221,260,0.6,1.2,18,1.0,0.8822372159372085,0.9801133528530472,0.5509111640453319,0.5380259667813595,0.6583162225462326,0.7445094249258756,0.0,0.0,0.0
222,240,1.4,1.4,18,1.0,0.8824327778846291,0.998278312762219,0.5690761239545034,0.579388985324388,0.6825226669856964,0.7401637468960033,0.0,0.0,0.0
223,200,0.4,0.6,18,1.0,0.8855468513532931,0.8372155810050791,0.40801339219736366,0.29291258226874317,0.7258498497513846,0.7835435033039522,0.0,0.0,0.0
224,120,1.0,1.6,18,1.0,0.8871186351619543,0.9969808873580729,0.5677786985503572,0.6489497672655974,0.7115291068153039,0.745173960524365,0.0,0.0,0.0
225,300,1.0,1.4,18,1.0,0.8874894738628746,0.9917480872326022,0.5625458984248867,0.5463429532994604,0.7122489043100273,0.7468529992566529,0.0,0.0,0.0
226,320,0.6,0.8,18,1.0,0.8874936934468765,0.9255401422898366,0.49633795348212106,0.4676238569600202,0.7164808047890765,0.7634092050763461,0.0,0.0,0.0
227,200,1.0,1.6,18,1.0,0.888238704262498,0.957533385902832,0.5283311970951167,0.5788756915172666,0.7136291379613118,0.7561559049887188,0.0,0.0,0.0
228,320,1.2,1.4,18,1.0,0.8903074757568922,1.025997383146307,0.5967951943385915,0.5720041471066859,0.7068564582424615,0.7411086771722443,0.0,0.0,0.0
229,260,0.8,1.4,18,1.0,0.8910857327162925,0.9863759555184033,0.5571737667106876,0.5602583509140122,0.7235802699227859,0.7517922910386207,0.0,0.0,0.0
230,100,0.6,1.6,18,1.0,0.8913409020436698,0.900237333365947,0.4710351445582316,0.535627264802951,0.71513047045991,0.7735821159041119,0.0,0.0,0.05555555555555555
231,160,1.2,1.6,18,1.0,0.892794325515054,1.0168419352310802,0.5876397464233648,0.6321512309153168,0.7214274447349626,0.7458843889092128,0.0,0.0,0.0
232,100,1.0,1.2,18,1.0,0.893939462156412,1.0535720953001273,0.624369906492412,0.622209636178745,0.6909124425917903,0.737846985533309,0.0,0.0,0.0
233,220,1.2,1.6,18,1.0,0.8963395542403445,0.9955060761520002,0.5663038873442845,0.6025448633277473,0.7162564748378496,0.7547635824042734,0.0,0.0,0.0
234,280,1.4,1.4,18,1.0,0.9003868514597226,1.012892460451929,0.5836902716442132,0.5939201853747436,0.7028614975792846,0.7544642835486693,0.0,0.0,0.0
235,160,0.8,1.6,18,1.0,0.9006489936991633,0.9303454236263826,0.5011432348186672,0.5665917187358369,0.7187586694250849,0.7753631849944965,0.0,0.0,0.0
236,200,0.4,0.8,18,1.0,0.9010832151914719,0.8897915952131936,0.46058940640547813,0.392405465629977,0.733450537947662,0.7859358635901024,0.0,0.0,0.0
237,380,1.0,1.0,18,1.0,0.9014877910247598,0.9808477609611617,0.5516455721534461,0.5481926219884661,0.6850782422943652,0.7635763979863983,0.0,0.0,0.0
238,100,1.0,1.0,18,1.0,0.9055297158586506,1.0060757142468981,0.5768735254391826,0.5995307280045983,0.6597069395365421,0.7613113344988549,0.0,0.0,0.0
239,260,1.6,1.4,18,1.0,0.9057380660895447,1.0156111008506754,0.5864089120429598,0.6346714426677669,0.7313723446055036,0.7591358380788047,0.0,0.0,0.0
240,320,0.6,1.0,18,1.0,0.9110833427295751,0.998933609751384,0.5697314209436684,0.5742256196758256,0.7294190209501005,0.768650487493658,0.0,0.0,0.0
241,160,0.4,1.4,18,1.0,0.9112955292551738,1.0284053156993544,0.599203126891639,0.5978650877062768,0.7456648274531231,0.761494747532264,0.0,0.0,0.0
242,220,0.4,0.6,18,1.0,0.9114824252679352,0.8746578011830748,0.44545561237535936,0.33763085129386383,0.7597142307323945,0.8001185221740954,0.0,0.0,0.0
243,200,0.4,0.4,18,1.0,0.9119547784277462,0.7993425032525554,0.37014031444484,0.2516739999710257,0.712020735703321,0.8194196998165362,0.0,0.0,0.05555555555555555
244,240,1.2,1.6,18,1.0,0.9123060536160026,1.0137475330572403,0.5845453442495248,0.6104377175953063,0.7267037423371295,0.7661697175536214,0.0,0.0,0.0
245,220,1.0,1.6,18,1.0,0.9129865465402571,0.9789114475644792,0.5497092587567639,0.5902540465476708,0.7375721651440115,0.7755592318510661,0.0,0.0,0.0
246,380,1.0,1.2,18,1.0,0.9147178605596493,1.0391392074572952,0.6099370186495796,0.6267526610819836,0.7285824660326788,0.7622336058972544,0.0,0.0,0.0
247,120,0.6,1.6,18,1.0,0.9151714517282822,0.9251985320891305,0.495996343281415,0.5541196106382918,0.7349538743002481,0.7911723659079284,0.0,0.0,0.05555555555555555
248,240,1.6,1.4,18,1.0,0.9154299222647042,1.0321724479755652,0.6029702591678496,0.6366177252387593,0.7376957542348522,0.7646873574727417,0.0,0.0,0.0
249,340,1.2,1.4,18,1.0,0.918268829089741,1.0468375210720253,0.6176353322643098,0.5923459952792391,0.7171328110367672,0.7638599960236635,0.0,0.0,0.0
250,180,1.4,1.4,18,1.0,0.9206906937559376,1.0687318646481865,0.6395296758404707,0.6307015631543199,0.7082058285332437,0.7608082747958199,0.0,0.0,0.0
251,320,1.0,1.4,18,1.0,0.9215994566660786,1.013085096797473,0.5838829079897575,0.5663113041337835,0.7301265783890885,0.7756287296686392,0.0,0.0,0.0
252,220,0.4,0.8,18,1.0,0.9224464468136547,0.9260949770639395,0.496892788256224,0.4338199555170888,0.7631736103512443,0.7982232497495987,0.0,0.0,0.0
253,300,1.6,1.4,18,1.0,0.9252004391633768,1.0065720920643269,0.5773699032566113,0.6302523055858307,0.7506510194254683,0.780857963349224,0.0,0.0,0.0
254,300,1.4,1.4,18,1.0,0.9308787785923819,1.0248171030044004,0.595614914196685,0.6127808636061061,0.7075213148743567,0.7819750500432107,0.0,0.0,0.0
255,240,0.4,0.4,18,1.0,0.9309946633166533,0.8752227836553725,0.4460205948476572,0.36133534227469044,0.7660284243891852,0.819489514604739,0.0,0.0,0.0
256,240,1.0,1.6,18,1.0,0.9312490374611653,1.0008866751652148,0.571684486357499,0.6086494742483555,0.7539679726193407,0.7883279158717905,0.0,0.0,0.0
257,260,1.2,1.6,18,1.0,0.9346043523889166,1.0310776694902304,0.601875480682515,0.6201860119746605,0.7456517292680775,0.7841354822182879,0.0,0.0,0.0
258,320,1.6,1.4,18,1.0,0.9374978808769765,1.007201304915624,0.5779991161079087,0.635425172702045,0.7637267074414996,0.7929981018499993,0.0,0.0,0.0
259,220,0.4,0.4,18,1.0,0.9432143766470673,0.8353352571405374,0.4061330683328218,0.2943467119630344,0.7538560888752546,0.8416811095638619,0.0,0.0,0.05555555555555555
260,360,0.8,1.2,18,1.0,0.9442545369437315,1.0330904861203773,0.6038882973126619,0.571542428634219,0.726888163472745,0.793282462615566,0.0,0.0,0.0
261,220,0.4,1.2,18,1.0,0.945263643530843,1.0661838515256705,0.6369816627179551,0.6495531819749777,0.7371332847213092,0.7860182278513542,0.0,0.0,0.0
262,140,1.2,1.6,18,1.0,0.9456283283217934,1.1064421870950971,0.6772399982873816,0.7032005265121885,0.7665830099721014,0.776318328749948,0.0,0.0,0.0
263,360,1.2,1.4,18,1.0,0.9465600451960152,1.0683162007839406,0.6391140119762252,0.6128950046751859,0.7331712440962678,0.786781542201959,0.0,0.0,0.0
264,240,0.6,1.4,18,1.0,0.9481563631797016,1.0387554352091815,0.6095532464014658,0.59929538057123,0.7608710352110097,0.7957680515793352,0.0,0.0,0.0
265,320,1.4,1.4,18,1.0,0.9488634902354354,1.0327846850585793,0.6035824962508642,0.6231071685455178,0.7148917768475573,0.7979678661727193,0.0,0.0,0.0
266,240,0.4,0.6,18,1.0,0.9494209005569599,0.9179249024135439,0.4887227136058285,0.4073339752024149,0.7881002382019134,0.8272402221555029,0.0,0.0,0.0
267,280,0.8,1.4,18,1.0,0.9499855334980374,1.007724127404983,0.5785219385972673,0.5775336645319373,0.7423555390582828,0.8053550488487206,0.0,0.0,0.0
268,340,1.0,1.4,18,1.0,0.9504818212893187,1.0390063253191104,0.6098041365113951,0.5947414727881402,0.7506259837583573,0.7980307871614699,0.0,0.0,0.0
269,200,0.8,1.6,18,1.0,0.9511700322249514,1.0004569892220532,0.5712548004143378,0.613419176581223,0.7628439886083481,0.808356332121367,0.0,0.0,0.0
270,280,1.2,1.6,18,1.0,0.9512482164441359,1.0479496219974653,0.6187474331897497,0.6302799972741295,0.7604543279620174,0.7965613581466985,0.0,0.0,0.0
271,340,1.6,1.4,18,1.0,0.9558000660053566,1.011373806713211,0.5821716179054955,0.6418549789097208,0.7723492075880549,0.8102571615289828,0.0,0.0,0.0
272,140,0.6,1.6,18,1.0,0.9562323259813685,0.9677575345413832,0.5385553457336679,0.576856587348909,0.7529730516227864,0.8215934895479515,0.0,0.0,0.0
273,300,0.6,1.2,18,1.0,0.9564196007784914,1.032022298823712,0.6028201100159966,0.5841821484878598,0.7041562596063752,0.8057145732744923,0.0,0.0,0.0
274,220,1.4,1.6,18,1.0,0.9570744731282366,1.0574011161933479,0.6281989273856323,0.6749920074584795,0.7453998598434523,0.8000247412818285,0.0,0.0,0.0
275,360,1.6,1.4,18,1.0,0.957452073424256,1.012526972643223,0.5833247838355073,0.6516817213893858,0.7865574172598758,0.8116208774653791,0.0,0.0,0.0
276,200,1.4,1.6,18,1.0,0.9600288110468985,1.0725392770803746,0.6433370882726591,0.6821702481202098,0.7552685179395934,0.7991945389787337,0.0,0.0,0.0
277,180,0.4,1.4,18,1.0,0.9601475946913991,1.0766378421314342,0.6474356533237187,0.6506894948916837,0.7755578403585606,0.7982886813604694,0.0,0.0,0.0
278,240,1.4,1.6,18,1.0,0.9635859364011053,1.0542597635585773,0.6250575747508619,0.6632291480508028,0.7563112744592114,0.8073215427133899,0.0,0.0,0.0
279,220,0.8,1.6,18,1.0,0.9666242337113541,1.0202740931032805,0.591071904295565,0.6330691265910724,0.782831698236367,0.8188562576374628,0.0,0.0,0.0
280,380,1.2,1.4,18,1.0,0.967875320827877,1.091986865520533,0.6627846767128173,0.6340031553175268,0.7531783356752607,0.8021791516496727,0.0,0.0,0.0
281,300,1.2,1.6,18,1.0,0.96794907105973,1.0642699623983642,0.6350677735906489,0.6401574899207083,0.7756460046513055,0.8091821276620678,0.0,0.0,0.0
282,100,0.4,1.6,18,1.0,0.969062125331792,0.9509987236373411,0.5217965348296255,0.5669627062546061,0.7661407307499193,0.8386129916243856,0.0,0.0,0.05555555555555555
283,340,1.4,1.4,18,1.0,0.9722619817176992,1.04342833158661,0.6142261427788943,0.6282979442693728,0.7262898041973493,0.8187054460229756,0.0,0.0,0.0
284,380,1.6,1.4,18,1.0,0.9734158908934967,1.0143620967908153,0.5851599079830998,0.6607949375181852,0.8002496513627921,0.8271259138977217,0.0,0.0,0.0
285,280,1.0,1.6,18,1.0,0.9738887840121421,1.0375156601571949,0.6083134713494794,0.624454674581911,0.8111880903166673,0.8218104161747722,0.0,0.0,0.0
286,380,0.8,0.8,18,1.0,0.9763973431163187,0.9533256585087959,0.5241234697010804,0.49085485882200186,0.6936450002094285,0.8453664756910486,0.0,0.0,0.0
287,340,0.6,0.6,18,1.0,0.9779621891711356,0.921320828625491,0.4921186398177755,0.43012351328117915,0.7527105457602536,0.8549325292166918,0.0,0.0,0.0
288,260,1.4,1.6,18,1.0,0.9806605792559291,1.060556608840029,0.6313544200323136,0.6707638621626808,0.7665321853110508,0.8228219742478508,0.0,0.0,0.0
289,240,0.4,1.0,18,1.0,0.9834589927100481,1.0406499619599503,0.6114477731522349,0.6107334759279325,0.7993676085901634,0.8305970494219894,0.0,0.0,0.0
290,320,0.6,1.2,18,1.0,0.9860506108400896,1.0644730133778852,0.6352708245701698,0.6348765324296048,0.7508620509033535,0.8272329046975472,0.0,0.0,0.0
291,240,0.8,1.6,18,1.0,0.9861793613395444,1.0377885515223861,0.6085863627146706,0.6455753842185066,0.8091952940265862,0.8340327706608768,0.0,0.0,0.0
292,400,1.6,1.4,18,1.0,0.9862450983151381,1.0201279615203258,0.5909257727126103,0.6802881657894062,0.811519602767924,0.8385136551369855,0.0,0.0,0.0
293,360,1.4,1.4,18,1.0,0.987617114777791,1.0533105259502515,0.624108337142536,0.6460027496108458,0.7439843284066686,0.831590030492157,0.0,0.0,0.0
294,400,1.2,1.4,18,1.0,0.988294336197064,1.1190571883780103,0.689854999570295,0.6677921192105156,0.7957999192337728,0.8158305863044902,0.0,0.0,0.0
295,320,1.2,1.6,18,1.0,0.988661172117564,1.0819385881564532,0.6527363993487376,0.6489408307123767,0.7902142734701709,0.8254770722803796,0.0,0.0,0.0
296,300,1.0,1.6,18,1.0,0.9898908950475596,1.0569507800724338,0.6277485912647183,0.6463401468218466,0.8265474032356835,0.83295374723138,0.0,0.0,0.0
297,280,1.4,1.6,18,1.0,0.9899502585624406,1.0661230786711464,0.6369208898634309,0.6827101743330242,0.7816530811306255,0.8307200360965828,0.0,0.0,0.0
298,160,0.6,1.6,18,1.0,0.9943170414800111,1.0257348547260472,0.5965326659183317,0.6085984457378091,0.7702211816445109,0.8451838750004281,0.0,0.0,0.0
299,200,1.6,1.4,18,1.0,0.9960285938582851,1.138870956718904,0.7096687679111883,0.7025699506151388,0.8010548146721034,0.8186114018804881,0.0,0.0,0.0
300,340,1.2,1.6,18,1.0,0.9985696747216047,1.101666881386038,0.6724646925783224,0.6701816720645869,0.8103229395079731,0.8304535015770241,0.0,0.0,0.0
301,180,0.6,1.6,18,1.0,1.00073252320849,1.046896765109067,0.6176945763013517,0.6382414244306969,0.8049602858751252,0.8463088791331521,0.0,0.0,0.0
302,200,0.4,1.4,18,1.0,1.0070649303447772,1.112003785916571,0.6828015971088551,0.6929075748608142,0.7971754052930914,0.8363645310675635,0.0,0.0,0.0
303,320,0.8,1.4,18,1.0,1.0073421788425825,1.0503872261135112,0.6211850373057957,0.6050773493548978,0.7765319173337172,0.8520459195161335,0.0,0.0,0.0
304,320,1.0,1.6,18,1.0,1.00945508795898,1.0783257283086753,0.6491235395009598,0.6626942884977621,0.842042984782719,0.84717420308374,0.0,0.0,0.0
305,260,0.8,1.6,18,1.0,1.012597095655444,1.058356974077257,0.6291547852695413,0.6694434647526801,0.8480695009780117,0.8553083993380587,0.0,0.0,0.0
306,300,1.4,1.6,18,1.0,1.0133563557769274,1.0750148920560896,0.6458127032483738,0.6866628498299501,0.7902344980489321,0.8519031799648339,0.0,0.0,0.0
307,380,1.0,1.4,18,1.0,1.0139050873693785,1.1044510962372414,0.6752489074295259,0.6549324931207147,0.7814890612687473,0.8450928605119971,0.0,0.0,0.0
308,180,1.4,1.6,18,1.0,1.0153647561983035,1.1235035999603538,0.6943014111526383,0.7109112996039575,0.7742842916622049,0.841789403410144,0.0,0.0,0.0
309,360,1.2,1.6,18,1.0,1.0206168451441253,1.1219324588705466,0.6927302700628312,0.6896048382448607,0.8225754545957072,0.8474342776284175,0.0,0.0,0.0
310,200,0.6,1.6,18,1.0,1.020853714021412,1.0762506785496564,0.6470484897419411,0.6676116569605959,0.8398593172831863,0.8590915915859267,0.0,0.0,0.0
311,260,0.4,0.4,18,1.0,1.0230770328098637,0.9292977953665635,0.5000956065588481,0.4788707683105955,0.8306930397551315,0.8980531311701516,0.0,0.0,0.0
312,100,1.0,1.6,18,1.0,1.026409115867527,1.181788906720941,0.7525867179132253,0.7535393671342185,0.8184717377583243,0.8382624363892207,0.0,0.0,0.0
313,400,1.4,1.4,18,1.0,1.0264545963969747,1.0724406512190159,0.6432384624113007,0.6693225976483439,0.780994359235092,0.8656449807941494,0.0,0.0,0.0
314,240,0.4,1.2,18,1.0,1.0316568538725632,1.1099550537839273,0.6807528649762119,0.6760602513060519,0.8003996351829343,0.8614686376285102,0.0,0.0,0.0
315,340,0.6,0.8,18,1.0,1.032822856232683,0.9786029798222753,0.54940079101456,0.5145572354537268,0.7871102672993037,0.8954726584790431,0.0,0.0,0.0
316,320,1.4,1.6,18,1.0,1.033407107860774,1.0817314741782929,0.6525292853705774,0.6957656403273607,0.7979607575613732,0.8702747865181296,0.0,0.0,0.0
317,340,1.0,1.6,18,1.0,1.0346208434509823,1.103730061328221,0.6745278725205056,0.6935397407362411,0.8578927263439002,0.8659888753208559,0.0,0.0,0.0
318,280,0.6,1.4,18,1.0,1.03812537600299,1.0847850245890733,0.6555828357813578,0.6432060157166967,0.8056358657458246,0.8742296670576507,0.0,0.0,0.0
319,340,0.8,1.4,18,1.0,1.038330498718992,1.077213345187432,0.6480111563797163,0.6473860043929924,0.796860042042401,0.876327709624063,0.0,0.0,0.0
320,260,1.6,1.6,18,1.0,1.042149146239392,1.1149720635811713,0.685769874773456,0.759018119672427,0.8675941809852618,0.8707066775460279,0.0,0.0,0.0
321,380,1.2,1.6,18,1.0,1.043542375419211,1.1442101373621185,0.7150079485544034,0.7121798245831041,0.8338860608032366,0.8647903882806102,0.0,0.0,0.0
322,280,1.6,1.6,18,1.0,1.0463766798194079,1.1079211359085848,0.6787189471008692,0.7532182543749288,0.8728560777463868,0.8766969430441905,0.0,0.0,0.0
323,140,0.4,1.6,18,1.0,1.0467966343586939,1.0767769973428725,0.6475748085351569,0.6445024021388659,0.8228868989559487,0.8849029322249047,0.0,0.0,0.0
324,220,0.6,1.6,18,1.0,1.05156636617652,1.093074992902566,0.6638728040948503,0.682043336361766,0.8654484917991129,0.8855981651528075,0.0,0.0,0.0
325,300,1.6,1.6,18,1.0,1.05664011341439,1.104921974319722,0.6757197855120066,0.7533386558151174,0.8778179686818047,0.8877101670363882,0.0,0.0,0.0
326,280,0.8,1.6,18,1.0,1.0568802189645434,1.0770930590818562,0.6478908702741406,0.6845850187265728,0.8589991640551251,0.8949075013960083,0.0,0.0,0.0
327,340,1.4,1.6,18,1.0,1.0572289476145529,1.0929722321074689,0.6637700432997531,0.7102669583053018,0.8106295962072987,0.8912864367896146,0.0,0.0,0.0
328,240,1.6,1.6,18,1.0,1.0575466394938713,1.1331605762261518,0.7039583874184363,0.7630361801629462,0.8692845768009051,0.8815570426392622,0.0,0.0,0.0
329,380,0.8,1.0,18,1.0,1.060807866532514,1.0226880626022827,0.5934858737945673,0.5864253027677577,0.725035664434752,0.9124363980838721,0.0,0.0,0.0
330,360,0.8,1.4,18,1.0,1.064893663334919,1.1077553789774994,0.6785531901697839,0.6627808262026874,0.819615108045546,0.895255365792473,0.0,0.0,0.0
331,320,1.6,1.6,18,1.0,1.0671477143949553,1.104243891473497,0.6750417026657815,0.7572143956866015,0.8828001540644203,0.8983872887285099,0.0,0.0,0.0
332,360,1.0,1.6,18,1.0,1.067731661079703,1.1334435771977853,0.7042413883900698,0.7118705893593142,0.8655385144898944,0.8916713139821856,0.0,0.0,0.0
333,220,1.6,1.6,18,1.0,1.069196645992474,1.1612174543407565,0.732015265533041,0.7794389097456949,0.8684943258585213,0.8861928296092139,0.0,0.0,0.0
334,160,0.4,1.6,18,1.0,1.0700180663667649,1.112832750092205,0.6836305612844893,0.689057778072671,0.863982466684212,0.8991104260456426,0.0,0.0,0.0
335,400,1.2,1.6,18,1.0,1.0703433768853723,1.1709432997772493,0.7417411109695338,0.7318318855091367,0.8465368084418907,0.8849080991429888,0.0,0.0,0.0
336,400,1.0,1.0,18,1.0,1.0737199828614203,1.0443851036016047,0.6151829147938896,0.5949818925555828,0.7800970013376046,0.919924254162948,0.0,0.0,0.0
337,360,1.4,1.6,18,1.0,1.074307405773868,1.101482584801825,0.6722803959941097,0.7198068468187503,0.8195891942442926,0.9062373067753405,0.0,0.0,0.0
338,300,0.6,1.4,18,1.0,1.0783175335842392,1.1093903682733848,0.6801881794656693,0.6703408004669897,0.8259618704787274,0.9082704887178218,0.0,0.0,0.0
339,300,0.8,1.6,18,1.0,1.078473105244886,1.0949331727748626,0.6657309839671469,0.6958900330342189,0.8734600581477014,0.9120403592530991,0.0,0.0,0.0
340,340,1.6,1.6,18,1.0,1.0798661268620764,1.1068105137981135,0.6776083249903978,0.7621903598306026,0.8895291785375121,0.9104640456144769,0.0,0.0,0.0
341,120,1.2,1.0,18,1.0,1.0814194014331149,1.154610090395665,0.7254079015879499,0.7564277032827416,0.8503917219476846,0.9000674260361274,0.0,0.0,0.0
342,360,1.6,1.6,18,1.0,1.0820973988711646,1.1079630533422626,0.678760864534547,0.7690000213723054,0.89570324911422,0.9124071827375279,0.0,0.0,0.0
343,380,0.8,1.2,18,1.0,1.082858725461256,1.0806353518199967,0.651433163012281,0.6286654770991489,0.7730866956679203,0.9200004347081858,0.0,0.0,0.0
344,240,0.6,1.6,18,1.0,1.0890916101391659,1.1155819213302376,0.686379732522522,0.7134918679295872,0.8883279936761718,0.9174966770085354,0.0,0.0,0.0
345,380,0.8,1.4,18,1.0,1.089463676347651,1.1522372144245179,0.7230350256168023,0.6864504129225961,0.8749277975222567,0.9087049199434505,0.0,0.0,0.0
346,380,1.4,1.6,18,1.0,1.0902600061335201,1.1097415651134683,0.680539376305753,0.7286645264028891,0.8288967354821423,0.920125162057082,0.0,0.0,0.0
347,380,1.6,1.6,18,1.0,1.0944131966110078,1.1106099955739888,0.6814078067662731,0.7758630039509264,0.9074378084788612,0.9240612449194395,0.0,0.0,0.0
348,380,1.0,1.6,18,1.0,1.0960871169359383,1.1655858350952426,0.7363836462875271,0.7334516558384077,0.8778791734704362,0.9119912053640565,0.0,0.0,0.0
349,320,0.6,1.4,18,1.0,1.1011440494096594,1.1391000326887715,0.7098978438810559,0.6995210867738886,0.8481725792940178,0.9236695884393954,0.0,0.0,0.0
350,180,0.4,1.6,18,1.0,1.1031718217502902,1.1585275995311097,0.7293254107233944,0.723440961736993,0.9065775443960019,0.9208404690694416,0.0,0.0,0.0
351,160,1.4,1.6,18,1.0,1.105884826653437,1.237127367781194,0.8079251789734783,0.810753060502247,0.8679434948062752,0.9039035319100673,0.0,0.0,0.0
352,320,0.8,1.6,18,1.0,1.1080981651636805,1.117412462137356,0.6882102733296405,0.7170142104803963,0.8879419431426642,0.9360455968312703,0.0,0.0,0.0
353,400,1.6,1.6,18,1.0,1.1093409784462382,1.1156645484111651,0.6864623596034496,0.7843822521844542,0.9156932690307454,0.9377253885453759,0.0,0.0,0.0
354,400,1.4,1.6,18,1.0,1.112256160943987,1.118188211067209,0.6889860222594936,0.7401519146426276,0.8357287424700899,0.9400096553791136,0.0,0.0,0.0
355,340,0.6,1.4,18,1.0,1.1196714145778137,1.1926074460807536,0.7634052572730381,0.7323795443720196,0.9028603919417066,0.9288201002595541,0.0,0.0,0.0
356,260,0.6,1.6,18,1.0,1.1226465293736185,1.1362589891814454,0.7070568003737301,0.7325806384093815,0.9029106108801256,0.945882329280186,0.0,0.0,0.0
357,400,1.0,1.4,18,1.0,1.1253385958104396,1.1658207864447925,0.7366185976370768,0.7512862237341966,0.8377244013439393,0.9411839464011704,0.0,0.0,0.0
358,260,0.4,0.8,18,1.0,1.1265217812466086,1.0337528141737813,0.604550625366066,0.6348625532260146,0.8808527378924812,0.9753841249050921,0.0,0.0,0.0
359,200,1.6,1.6,18,1.0,1.1283917392654539,1.228628560160961,0.7994263713532456,0.817171876599927,0.9062729076897401,0.9285351464271424,0.0,0.0,0.0
360,340,0.8,1.6,18,1.0,1.1315444736261782,1.145045636463796,0.7158434476560804,0.7405648363908484,0.8993282185981526,0.9525836117121581,0.0,0.0,0.0
361,200,0.4,1.6,18,1.0,1.148615263657599,1.1930631377495635,0.7638609489418483,0.7620004726474301,0.9368843056277033,0.9576500264221369,0.0,0.0,0.0
362,280,0.6,1.6,18,1.0,1.148629275414347,1.1579806636145666,0.7287784748068512,0.7463218107108407,0.9210257412708401,0.9664346567126342,0.0,0.0,0.0
363,240,0.4,1.4,18,1.0,1.1494369436027063,1.1893434051530447,0.7601412163453294,0.7718451806019622,0.8675442221997204,0.9594016395163739,0.0,0.0,0.0
364,360,0.8,1.6,18,1.0,1.151423487876135,1.1768889736637016,0.7476867848559862,0.7657390944946616,0.9201935743201135,0.9645017916621385,0.0,0.0,0.0
365,120,1.2,1.2,18,1.0,1.1514693849735247,1.2221527211791607,0.7929505323714451,0.8237482354760257,0.8882728082435688,0.9532317518806634,0.0,0.0,0.0
366,260,0.4,1.2,18,1.0,1.1712765183114007,1.1666870005518435,0.7374848117441282,0.7306856125397816,0.9110316686603226,0.9869053153753686,0.0,0.0,0.0
367,180,1.6,1.4,18,1.0,1.1753808276781217,1.283222239627553,0.8540200508198379,0.8312963457241629,0.9370468642311894,0.9618758149731621,0.0,0.0,0.0
368,300,0.6,1.6,18,1.0,1.181266480124774,1.1837940072297928,0.7545918184220773,0.7730016829242637,0.9371231882452865,0.9926185255192547,0.0,0.0,0.0
369,320,0.6,1.6,18,1.0,1.1976115910081386,1.2152908840808307,0.7860886952731153,0.7931026620352963,0.9504817550905897,1.0010894171898599,0.0,0.0,0.0
370,120,1.2,1.4,18,1.0,1.2033561143584366,1.2705322354551385,0.8413300466474231,0.8606570959971533,0.9220309066006949,0.9930236026965809,0.0,0.0,0.0
371,340,0.6,1.6,18,1.0,1.21442110871736,1.2676281094563946,0.8384259206486788,0.8434277682125637,0.9664640127181204,1.0048146285551902,0.0,0.0,0.0
372,240,0.4,1.6,18,1.0,1.2526373210244603,1.2686998207612656,0.8394976319535501,0.8524729515366458,0.9883413860014785,1.0427629130360727,0.0,0.0,0.0
373,180,1.6,1.6,18,1.0,1.2621161852251104,1.3616231533192067,0.9324209645114908,0.9072423290250904,1.0156587698954844,1.0290109440972377,0.0,0.0,0.0
374,120,1.2,1.6,18,1.0,1.2673610844041086,1.3293093414756205,0.9001071526679052,0.8903134962259704,0.9809464882859619,1.0423342962371323,0.0,0.0,0.0
375,140,1.4,1.2,18,1.0,1.3017810083140113,1.3251302301115888,0.8959280413038732,0.9166617069953921,0.9978739462795341,1.0777989979880431,0.0,0.0,0.0
376,260,0.4,1.6,18,1.0,1.306009008363915,1.3303369970948487,0.9011348082871332,0.9000860101566479,1.0421088279999458,1.0807253062921318,0.0,0.0,0.0
377,140,1.4,1.4,18,1.0,1.3860151488092374,1.393144747313272,0.9639425585055564,0.9804962082139329,1.051428166304919,1.1450295091828482,0.0,0.0,0.0
378,140,1.4,1.6,18,1.0,1.399708801837649,1.4365686348556415,1.007366446047926,1.0089220322014985,1.0922371709605305,1.1478671903256674,0.0,0.0,0.0
379,100,1.2,1.0,18,1.0,1.4287291913137294,1.435184080121604,1.0059818913138887,1.0477373489315855,1.099173769107346,1.1772337184852573,0.0,0.0,0.0
380,160,1.6,1.4,18,1.0,1.440182466250454,1.4767678137069327,1.0475656248992173,1.05845712256865,1.1519591042613897,1.1782910600256498,0.0,0.0,0.0
381,120,1.4,1.2,18,1.0,1.4518408818148085,1.5052115414471896,1.076009352639474,1.115504723142564,1.1612580521367013,1.18283854365494,0.0,0.0,0.0
382,100,1.2,1.2,18,1.0,1.4739641226575928,1.4828419094347565,1.0536397206270411,1.08327572961446,1.1545838341713304,1.2105541925008325,0.0,0.0,0.0
383,120,1.4,1.4,18,1.0,1.4967190311493883,1.549199577228955,1.1199973884212397,1.1472152457602718,1.199535955177127,1.2167196840440784,0.0,0.0,0.0
384,100,1.2,1.4,18,1.0,1.4971959431705426,1.518910270329348,1.0897080815216325,1.120832855942361,1.171998337874606,1.2247689227901344,0.0,0.0,0.0
385,100,1.4,1.2,18,1.0,1.5222566582553931,1.5582728483128911,1.1290706595051756,1.1316132463741124,1.2196498571033931,1.2399889933790993,0.0,0.0,0.0
386,100,1.2,1.6,18,1.0,1.5287586043554071,1.563172856436924,1.1339706676292087,1.1366790946324485,1.2210180668248718,1.245265937448105,0.0,0.0,0.0
387,140,1.6,1.4,18,1.0,1.5519371360489131,1.5805716244416415,1.1513694356339257,1.1453561733888886,1.248047662019039,1.2640947771404316,0.0,0.0,0.0
388,100,1.4,1.4,18,1.0,1.563900262728505,1.5958801775749576,1.166677988767242,1.1585805042661232,1.2451807651825757,1.2722307655366945,0.0,0.0,0.0
389,120,1.6,1.4,18,1.0,1.5749540617144453,1.5870218103148497,1.1578196215071346,1.1509558945595395,1.262764915229302,1.2854991563376617,0.0,0.0,0.0
390,100,1.6,1.4,18,1.0,1.5759659115079296,1.590848317984228,1.1616461291765123,1.1583609699191368,1.2655132451230762,1.2855543792138016,0.0,0.0,0.0
391,100,1.6,1.6,18,1.0,1.6003158875525971,1.6156050240787911,1.1864028352710756,1.1901895176567898,1.2888988332587232,1.3037151787348282,0.0,0.0,0.0
392,100,1.4,1.6,18,1.0,1.60140286797945,1.6245711444978976,1.195368955690182,1.182776630806738,1.2720897388100272,1.3025606290569045,0.0,0.0,0.0
393,140,1.6,1.6,18,1.0,1.6077371464274204,1.6244601895980633,1.1952580007903475,1.168597158211291,1.292297055807103,1.3089226462298336,0.0,0.0,0.0
394,120,1.6,1.6,18,1.0,1.6260456693159517,1.6234335648606977,1.194231376052982,1.1944671917494585,1.2968094634383862,1.3274878253027063,0.0,0.0,0.0
395,360,0.6,0.6,18,1.0,1.6378701156688802,1.0637300661380145,0.6345278773302989,0.5738558391716744,1.0832031248404839,1.4792381463363056,0.0,0.0,0.0
396,400,0.8,0.8,18,1.0,1.6565324504938577,1.0885628929320907,0.6593607041243753,0.5894759312701675,0.9733121645026797,1.4916922744627639,0.0,0.0,0.0
397,400,0.8,1.6,18,1.0,1.886550978746883,1.389920410059207,0.9607182212514915,0.906553186071956,1.1682978636647272,1.64637142343401,0.0,0.0,0.0
398,360,0.6,0.8,18,1.0,2.0159520471021546,1.242054913270888,0.8128527244631726,0.6043932185584728,1.6686067431071516,1.8127388659863615,0.0,0.0,0.0
399,360,0.6,1.2,18,1.0,2.0169459830448426,1.362020635595788,0.9328184467880727,0.7086160638975199,1.6576949672868704,1.7837413713478245,0.0,0.0,0.0
400,360,0.6,1.0,18,1.0,2.02250583376972,1.3060829619957965,0.8768807731880811,0.6382346997865064,1.663228152322734,1.8032856404727,0.0,0.0,0.0
401,360,0.6,1.4,18,1.0,2.0815428517549295,1.4428680850052769,1.013665896197561,0.8272935551668728,1.650479798651218,1.8281263777055392,0.0,0.0,0.0
402,360,0.6,1.6,18,1.0,2.1299019440005305,1.5333735516648368,1.1041713628571217,0.9368137066059113,1.717667036145983,1.85385910328625,0.0,0.0,0.0
403,380,0.6,0.6,18,1.0,2.5101900763398133,1.3564452678462313,0.9272430790385157,0.6280655108122648,2.027919252864512,2.2783793065801845,0.0,0.0,0.0
404,380,0.6,1.2,18,1.0,2.723806967357381,1.5706945928518783,1.1414924040441625,0.7500277810199706,2.2565635515581395,2.4384338663463403,0.0,0.0,0.0
405,380,0.6,1.4,18,1.0,2.7481382567313344,1.6410669145958314,1.211864725788116,0.8524323433393299,2.2579885169049296,2.4451720752843054,0.0,0.0,0.0
406,280,0.4,1.2,18,1.0,2.7517516003692304,1.458032147359897,1.0288299585521816,0.7927992867349418,2.3554535845438975,2.494544110731185,0.0,0.0,0.0
407,380,0.6,1.0,18,1.0,2.760942551404779,1.5239410398658604,1.0947388510581448,0.695651536814218,2.2963463367604557,2.487257838640243,0.0,0.0,0.0
408,380,0.6,1.6,18,1.0,2.764305623462365,1.7089145890091182,1.2797124002014026,0.9517346209038631,2.2707814149773267,2.4443775234120144,0.0,0.0,0.0
409,380,0.6,0.8,18,1.0,2.764859019149573,1.4687678614675177,1.0395656726598022,0.6552103761829045,2.3022535039169116,2.5049676009846227,0.0,0.0,0.0
410,280,0.4,1.0,18,1.0,2.767247787564012,1.4047348779316262,0.9755326891239106,0.7274952899658897,2.388792119720834,2.5233646152830342,0.0,0.0,0.0
411,400,0.6,0.6,18,1.0,2.7741972541632993,1.4751685824398104,1.0459663936320949,0.6625362590093407,2.3258858821203336,2.5127056557552754,0.0,0.0,0.0
412,280,0.4,1.4,18,1.0,2.7774331660952187,1.5329547801881906,1.103752591380475,0.8936730066015007,2.355888959167793,2.5014950182501,0.0,0.0,0.0
413,280,0.4,0.6,18,1.0,2.7799169298381408,1.292134310099054,0.8629321212913386,0.6642889809404615,2.361075863276473,2.564183899515306,0.0,0.0,0.0
414,280,0.4,0.8,18,1.0,2.7911281164238795,1.3461118106590968,0.9169096218513813,0.6873525254172399,2.406573268954335,2.561900710961034,0.0,0.0,0.0
415,280,0.4,1.6,18,1.0,2.836702582890054,1.6084797418762322,1.179277553068517,0.9835254045683011,2.3873761886972056,2.541883194622925,0.0,0.0,0.0
416,400,0.6,1.2,18,1.0,2.9248879433527417,1.6796254315194556,1.2504232427117403,0.7832635877068662,2.4953335590584125,2.6122821326748067,0.0,0.0,0.0
417,400,0.6,1.4,18,1.0,2.9397954373563446,1.755631734908483,1.3264295461007674,0.9054253486967627,2.485170080026591,2.608188050831153,0.0,0.0,0.0
418,400,0.6,1.0,18,1.0,2.9489851909573637,1.634625476776562,1.2054232879688467,0.7272204007247944,2.529130256457283,2.647629368965152,0.0,0.0,0.0
419,400,0.6,0.8,18,1.0,2.9516156883935594,1.5869019912232798,1.157699802415564,0.6850750645286148,2.5315283806885116,2.6621907377896683,0.0,0.0,0.0
420,320,0.4,0.4,18,1.0,3.1277730173805605,1.5633842852976492,1.1341820964899338,0.6961519084688351,2.7513784479814376,2.844227493258077,0.0,0.0,0.0
421,300,0.4,1.2,18,1.0,3.2700976485101747,1.7220534888956154,1.2928513000878998,0.8126022959614838,2.7594805925163306,2.9468848234881997,0.0,0.0,0.0
422,300,0.4,0.6,18,1.0,3.2728891497395654,1.578210817202796,1.1490086283950807,0.6894906815019463,2.8072174737666433,2.9856369926407953,0.0,0.0,0.0
423,300,0.4,1.4,18,1.0,3.274019628593625,1.7982774281400755,1.36907523933236,0.9053210944735443,2.7932935156769934,2.931750818760535,0.0,0.0,0.0
424,300,0.4,1.0,18,1.0,3.3037069100988385,1.6758442978375043,1.2466421090297886,0.7513446506169484,2.7817460638712173,2.9920463828413912,0.0,0.0,0.0
425,300,0.4,1.6,18,1.0,3.3144398323725492,1.8719673835659583,1.4427651947582427,1.0253605375425912,2.838879575882749,2.9537485336829885,0.0,0.0,0.0
426,300,0.4,0.8,18,1.0,3.3257762699063282,1.629426599448002,1.2002244106402864,0.7154039957087269,2.8098924032524972,3.0257201672462566,0.0,0.0,0.0
427,320,0.4,1.2,18,1.0,3.7034837868735395,1.8473512232787845,1.4181490344710692,0.8328474523859359,3.082439726384626,3.348946528255772,0.0,0.0,0.0
428,320,0.4,1.4,18,1.0,3.717123327812699,1.9177235009121303,1.488521312104415,0.9120570559920822,3.1005471587924625,3.3449929997865953,0.0,0.0,0.0
429,320,0.4,0.6,18,1.0,3.7221775783314826,1.7159852645535931,1.2867830757458774,0.7101482059903403,3.1474312328625698,3.4004818093950133,0.0,0.0,0.0
430,320,0.4,1.0,18,1.0,3.743312670967264,1.807158682000718,1.3779564931930028,0.7672287139179197,3.1222389449399626,3.3988235476690134,0.0,0.0,0.0
431,320,0.4,0.8,18,1.0,3.7592869087263985,1.7666276590184653,1.3374254702107498,0.7352185442312924,3.1485020084707553,3.424930541173711,0.0,0.0,0.0
432,320,0.4,1.6,18,1.0,3.7603717933486758,1.991891771761557,1.5626895829538412,1.0372932544360607,3.1108727817662363,3.3696993976102156,0.0,0.0,0.0
433,340,0.4,1.0,18,1.0,4.051257784733358,1.8858933747779487,1.4566911859702332,0.7916199682677211,3.408785468834873,3.6870849882408,0.0,0.0,0.0
434,340,0.4,0.6,18,1.0,4.0525405403886,1.8049720161756773,1.3757698273679617,0.739400655746556,3.416120221038506,3.70859808354661,0.0,0.0,0.0
435,340,0.4,0.8,18,1.0,4.061473147040377,1.8487345712968422,1.4195323824891268,0.7619561146329604,3.4292294784641126,3.706590051418095,0.0,0.0,0.0
436,340,0.4,1.6,18,1.0,4.082826296344773,2.0663237836132318,1.6371215948055162,1.0477361473203324,3.3779547365142033,3.6735458976433932,0.0,0.0,0.0
437,380,0.4,0.4,18,1.0,4.099037731537213,1.9120672604445734,1.482865071636858,0.798754258215965,3.483314951485755,3.7283214636279984,0.0,0.0,0.0
438,360,0.4,1.2,18,1.0,4.2014963446206774,1.9852169605211836,1.5560147717134682,0.8680573504459281,3.521517059804533,3.8124926516923106,0.0,0.0,0.0
439,360,0.4,1.4,18,1.0,4.232016938560169,2.049957455672312,1.6207552668645961,0.9572147100033745,3.526220327333159,3.82682812184402,0.0,0.0,0.0
440,360,0.4,1.0,18,1.0,4.239316025776647,1.9478348970553465,1.518632708247631,0.8421461611592764,3.5709879814866006,3.8596578487147397,0.0,0.0,0.0
441,360,0.4,0.6,18,1.0,4.249335646552808,1.8774562515258333,1.4482540627181177,0.7899611357573622,3.5872363257273903,3.8872721308732787,0.0,0.0,0.0
442,360,0.4,0.8,18,1.0,4.256929036112033,1.9158780995011648,1.4866759106934495,0.8075391333464619,3.6000392091605593,3.8852600584386705,0.0,0.0,0.0
443,400,0.4,0.4,18,1.0,4.286514888233041,2.0366371923803426,1.6074350035726273,0.826385791159258,3.625768152198326,3.884656137339885,0.0,0.0,0.0
444,380,0.4,1.2,18,1.0,4.365756898794264,2.159319903594145,1.7301177147864293,0.8983312236067148,3.5977025598889862,3.9332274700976564,0.0,0.0,0.0
445,380,0.4,1.4,18,1.0,4.392091448051646,2.224894524538872,1.7956923357311558,0.9951921870559,3.5983234157951762,3.943168364118857,0.0,0.0,0.0
446,380,0.4,1.0,18,1.0,4.394806955521291,2.1258753342521794,1.696673145444464,0.8595655138638092,3.6396666966702846,3.9706386691601754,0.0,0.0,0.0
447,380,0.4,0.6,18,1.0,4.4010449388803,2.062098169100615,1.6328959802928995,0.8123532017831661,3.667072042873299,3.992820943807075,0.0,0.0,0.0
448,380,0.4,0.8,18,1.0,4.411084322163315,2.0970173739520077,1.6678151851442917,0.8310914292197313,3.668939853115384,3.9941305258772424,0.0,0.0,0.0
449,380,0.4,1.6,18,1.0,4.415896832936345,2.297810148041625,1.8686079592339087,1.1130334630460168,3.6025021561239554,3.9487448431278676,0.0,0.0,0.0
450,400,0.4,1.2,18,1.0,4.487165333133663,2.224245954129526,1.79504376532181,0.9138807170920165,3.8489951991122227,4.03840439180321,0.0,0.0,0.0
451,400,0.4,1.4,18,1.0,4.4965329413184945,2.2872874857077985,1.8580852969000834,1.0178708530693412,3.836361325721765,4.032011617093474,0.0,0.0,0.0
452,400,0.4,1.6,18,1.0,4.508599966961795,2.3548001364536013,1.925597947645886,1.135842649158965,3.8401048121854657,4.027200480050324,0.0,0.0,0.0
453,400,0.4,0.6,18,1.0,4.524081409842663,2.1358342402507406,1.7066320514430253,0.8382093090550213,3.9198345836698185,4.097423396981906,0.0,0.0,0.0
454,400,0.4,1.0,18,1.0,4.524869437844485,2.1926607117651815,1.763458522957466,0.8786971882605474,3.892620804720258,4.084004807105118,0.0,0.0,0.0
455,400,0.4,0.8,18,1.0,4.53522092520982,2.1653168380745758,1.7361146492668604,0.8528740195031259,3.922386023005804,4.101192262893105,0.0,0.0,0.0
